gare;city
LE HAVRE;HAVRE (LE )
DIEPPE;DIEPPE
PARIS-ST-LAZARE;PARIS
CHERBOURG;CHERBOURG
CAEN;CAEN
GRANVILLE;GRANVILLE
DREUX;DREUX
BOURGES;BOURGES
PARIS-AUSTERLITZ;PARIS
NEVERS;NEVERS
ARGENTAN;MOULINS-SUR-ORNE
ORLÉANS;ROUEN
LES AUBRAIS-ORLÉANS;FLEURY-LES-AUBRAIS
PARIS-BERCY;PARIS
CALAIS VILLE;ARQUES
BOULOGNE VILLE;BOULOGNE-SUR-MER
AMIENS;DREUIL-LÈS-AMIENS
CAMBRAI VILLE;CAMBRAI
MAUBEUGE;MAUBEUGE
PARIS GARE DU NORD;PARIS
COMPIÈGNE;MARGNY-LÈS-COMPIÈGNE
LE MANS;MANS (LE )
NOGENT-LE-ROTROU;NOGENT-LE-ROTROU
CHARTRES;CHARTRES
BLOIS-CHAMBORD;BLOIS
LYON-PERRACHE;LYON
LATOUR-DE-CAROL-ENVEITG;ENVEITG
FONT-ROMEU-ODEILLO-VIA;FONT-ROMEU-ODEILLO-VIA
BRIANÇON;BRIANCON
ROMANS-BOURG-DE-PÉAGE;ROMANS-SUR-ISERE
GAP;GAP
AIX-EN-PROVENCE;AIX-EN-PROVENCE
MARSEILLE-ST-CHARLES;MARSEILLE
LES ARCS-DRAGUIGNAN;LES ARCS
GRENOBLE;GRENOBLE
CHAMBÉRY-CHAL.-LES-EAUX;CHAMBERY
ANNECY;ANNECY
AVIGNON-CENTRE;AVIGNON
LYON-PART-DIEU;LYON
DIJON-VILLE;DIJON
MÂCON-VILLE;MACON
BOURG-ST-MAURICE;BOURG-SAINT-MAURICE
ALBERTVILLE;ALBERTVILLE
BOURGOIN-JALLIEU;BOURGOIN-JALLIEU
LA CHAUX-DE-FONDS;LA CHAUX-DE-FONDS
BESANÇON-VIOTTE;BESANCON
BESANÇON-MOUILLÈRE;BESANCON
PONTARLIER;PONTARLIER
FRASNE;FRASNE
NEUCHÂTEL;NEUCHÂTEL
DOLE;DOLE
DELÉMONT;DELÉMONT
DELLE;DELLE
BIEL;BIEL
AIX-LES-BAINS-LE REVARD;AIX-LES-BAINS
ST-GERVAIS-LES-BAINS-LE FAYET;SAINT-GERVAIS-LES-BAINS
CHAMONIX-MONT-BLANC;CHAMONIX-MONT-BLANC
AULNOYE AYMERIES;AULNOYE-AYMERIES
COURTRAI/KORTRIJK;COURTRAI/KORTRIJK
LILLE FLANDRES;LILLE
BRIVE-LA-GAILLARDE;BRIVE-LA-GAILLARDE
LE CREUSOT;ÉCUISSES
NICE-VILLE;NICE
BREIL-SUR-ROYA;BREIL-SUR-ROYA
ANNEMASSE;ANNEMASSE
DECIZE;DECIZE
COPPET;COPPET
CLUSES (HTE-SAVOIE);CLUSES
FORBACH;FORBACH
BENING;BÉNING-LÈS-SAINT-AVOLD
BITCHE;BITCHE
BITCHE-CAMP;BITCHE
HAGUENAU;HAGUENAU
BOUXWILLER-SCHATTENMANN;BOUXWILLER-SCHATTENMANN
SAVERNE;SAVERNE
INGWILLER;INGWILLER
DOSSENHEIM-(MAIRIE);DOSSENHEIM-(MAIRIE)
OBERMODERN;OBERMODERN-ZUTZENDORF
BOUXWILLER-BABENHAUSEN;BOUXWILLER-BABENHAUSEN
STRASBOURG;STRASBOURG
BENFELD;BENFELD
COLMAR;HERRLISHEIM-PRÈS-COLMAR
BUSWILLER-EGLISE;BUSWILLER-EGLISE
ETTENDORF-PL,-DE-L'ECOL;ETTENDORF-PL,-DE-L'ECOL
ETTENDORF-(ANGLE-PONT);ETTENDORF-(ANGLE-PONT)
DIEMERINGEN;DIEMERINGEN
SARREGUEMINES;SARREGUEMINES
LUTZELBOURG;LUTZELBOURG
KRUTH;ODEREN
CERNAY (HAUT-RHIN);CERNAY
CERNAY;CERNAY
BASEL;BASEL
FROHMUHL- (LAVOIR);FROHMUHL- (LAVOIR)
HATTMATT-S.-POLYVALENTE;HATTMATT-S.-POLYVALENTE
HERRLISHEIM (BAS-RHIN);HERRLISHEIM-PRÈS-COLMAR
LAUTERBOURG;LAUTERBOURG
ENTZHEIM-AÉROPORT;ENTZHEIM-AÉROPORT
BARR;BARR
MOLSHEIM;MOLSHEIM
ROTHAU;ROTHAU
SAALES;SAALES
ALTKIRCH;ALTKIRCH
BELFORT-MONTBÉLIARD-TGV;MEROUX
SÉLESTAT;SELESTAT
ST-DIÉ-DES-VOSGES;SAINT-DIE
STE-CROIX/MINES-SQ-DE-G;STE-CROIX/MINES-SQ-DE-G
STE-MARIE-/-MINES-MAIRE;STE-MARIE-/-MINES-MAIRE
LIEPVRE-(-R.-GUTH-);LIEPVRE-(-R.-GUTH-)
STE-MARIE-/-MS-PL-.CDG;STE-MARIE-/-MS-PL-.CDG
MONTLUÇON-VILLE;MONTLUCON
LAQUEUILLE;SAINT-JULIEN-PUY-LAVÈZE
CLERMONT-FERRAND;CLERMONT-FERRAND
GANNAT;GANNAT
AURILLAC;SAINT-PIERRE-D'AURILLAC
THIERS;THIERS
ARVANT;BOURNONCLE-SAINT-PIERRE
MOULINS-SUR-ALLIER;YZEURE
LES ANCIZES-ST-GEORGES;SAINT-GEORGES-DE-MONS
MANTHES-LAPEYROUSE;MANTHES
VOLVIC;VOLVIC
MASSIAC;MASSIAC
RIOM-CHÂTEL-GUYON;RIOM
NEUSSARGUES;NEUSSARGUES-MOISSAC
ST-CHÉLY-D'APCHER;SAINT-CHÉLY-D'APCHER
BRIOUDE-LYCÉE-LAFAYETTE;BRIOUDE-LYCÉE-LAFAYETTE
LANGEAC;LANGEAC
BRIOUDE;BRIOUDE
LE PUY-EN-VELAY;PUY-EN-VELAY (LE )
AMBERT;AMBERT
PONT-DE-DORE;PESCHADOIRES
USSEL;USSEL
VIC-LE-COMTE;VIC-LE-COMTE
ISSOIRE;ISSOIRE
LUZY;LUZY
CERCY-LA-TOUR;CERCY-LA-TOUR
AUTUN;AUTUN
CHAUFFAILLES;CHAUFFAILLES
DIGOIN;DIGOIN
LOUHANS;LOUHANS
BOURG-EN-BRESSE;BOURG-EN-BRESSE
AUXERRE-ST-GERVAIS;AUXERRE
CLAMECY;CLAMECY
LORIENT;LORIENT
CHÂTEAUBRIANT;CHATEAUBRIANT
DINAN;DINAN
VALENÇAY;VALENÇAY
ROMORANTIN (VOIE ÉTROITE);ROMORANTIN-LANTHENAY
FAUBOURG-D'ORLÉANS;ROMORANTIN-LANTHENAY
LA FERTÉ-SUR-CHIERS;LA FERTÉ-SUR-CHIERS
CHÂLONS-EN-CHAMPAGNE;CHALONS-EN-CHAMPAGNE
ST-DIZIER;SAINT-DIZIER
JOINVILLE;JOINVILLE
CHAUMONT;CHAUMONT
BAR-SUR-SEINE;BAR-SUR-SEINE
TROYES;SAINT-JULIEN-LES-VILLAS
BAYEL-EGLISE;BAYEL-EGLISE
VENDEUVRE (AUBE);VENDEUVRE
BRICON(LA POSTE);BRICON(LA POSTE)
ST-FLORENTIN-VERGIGNY;VERGIGNY
LAROCHE-MIGENNES;MIGENNES
ROMILLY-SUR-SEINE;ROMILLY-SUR-SEINE
NOGENT-SUR-SEINE;NOGENT-SUR-SEINE
CHARLEVILLE-MÉZIÈRES;CHARLEVILLE-MEZIERES
FISMES;FISMES
AILLEVILLERS;CORBENAY
LE LOCLE;LE LOCLE
LE VALDAHON;VALDAHON
LONS-LE-SAUNIER;LONS-LE-SAUNIER
MOUCHARD;MOUCHARD
DOMPIERRE-HALTE-ROUT.;DOMPIERRE-HALTE-ROUT.
CHAMPAGNOLE;CHAMPAGNOLE
ANDELOT;ANDELOT-EN-MONTAGNE
ALÈS;ALES
LA BASTIDE-ST-LAURENT;LA BASTIDE-PUYLAURENT
LANGOGNE;LANGOGNE
MILLAU;MILLAU
MENDE;MENDE
CARCASSONNE;CARCASSONNE
LIMOUX;LIMOUX
BÉDARIEUX;BÉDARIEUX
GUÉRET;GUERET
TULLE;TULLE
EGLETONS;ÉGLETONS
BORT-LES-ORGUES;BORT-LES-ORGUES
NANCY-VILLE;NANCY
MARTIGNY-LES-B-THIEBAUT;MARTIGNY-LES-B-THIEBAUT
DAMBLAIN EGLISE;DAMBLAIN
CONTREXÉVILLE;CONTREXÉVILLE
VITTEL;VITTEL
CHARMES (VOSGES);CHARMES
IGNEY (CENTRE);IGNEY
SARREBOURG;SARREBOURG
LONGUYON;LONGUYON
MORHANGE;MORHANGE
LONGUYON (COLLÈGE);LONGUYON
FÉNÉTRANGE (GENDARM.);FÉNÉTRANGE (GENDARM.)
LOUDREFING;LOUDREFING
SARREBOURG (PLACE MATH);SARREBOURG
SARREBOURG-LP-MESSMER;SARREBOURG-LP-MESSMER
NEUFCHÂTEAU;NEUFCHÂTEAU
TOUL;TOULOUSE
ALLAMPS-ESAT;ALLAMPS-ESAT
CREUTZWALD G.R.;CREUTZWALD
EPINAL;EPINAL
BRUYÈRES (VOSGES);BRUYÈRES
BOUZONVILLE;BOUZONVILLE
THIONVILLE;THIONVILLE
CORCIEUX LE CONTI;LA HOUSSIÈRE
ARCHES;ARCHES
BRUYÈRES CHANZY GARE;BRUYÈRES
HERBITZHEIM R. HAMBACH;HERBITZHEIM
HERBITZHEIM MAIRIE;HERBITZHEIM
BERTHELMING;BERTHELMING
METZ-VILLE;METZ
KESKASTEL;KESKASTEL
BAR-LE-DUC;BAR-LE-DUC
CONFLANS-JARNY;JARNY
FIGEAC;FIGEAC
MAZAMET;MAZAMET
MURET;MURET
PAU;DAMIATTE
AGEN;AGEN
LONGAGES-NOÉ;LONGAGES
MONTRÉJEAU-GOURDAN-POL.;GOURDAN-POLIGNAN
AX-LES-THERMES;AX-LES-THERMES
FOIX;FOIX
SOUILLAC;SOUILLAC
ALBI-VILLE;ALBI-VILLE
COMINES (FRANCE);COMINES
ABBEVILLE;ABBEVILLE
LENS;LENS
AVESNES;AVESNES-SUR-HELPE
ARRAS;ARRAS
HAZEBROUCK;HAZEBROUCK
BUSIGNY;BUSIGNY
CALAIS FRÉTHUN;ARQUES
COUTANCES;COUTANCES
BAGNOLES- ORNE EGL.MAD.;BAGNOLES- ORNE EGL.MAD.
ALENÇON;ALENCON
L'AIGLE;AIGLE (L')
LISIEUX;LISIEUX
DIVES-CABOURG;DIVES-SUR-MER
EVREUX;LE VIEIL-ÉVREUX
VILLEDIEU (GARE);VILLEDIEU-LES-POÊLES
BRÉAUTÉ-BEUZEVILLE;BRÉAUTÉ
MANTES-LA-JOLIE;MANTES-LA-VILLE
PONT-AUDEMER;PONT-AUDEMER
ROUEN-GARE-ROUTIÈRE;ROUEN-GARE-ROUTIÈRE
BOURG-ACHARD CHAMP DE F;BOURG-ACHARD CHAMP DE F
NANTES;NANTES
CHOLET;CHOLET
ALBERT;ALBERT
BEAUVAIS;BEAUVAIS
HIRSON;HIRSON
CHATELLERAULT;CHATELLERAULT
MAUZÉ;MAUZENS-ET-MIREMONT
NIORT;BEAUVOIR-SUR-NIORT
BRESSUIRE;BRESSUIRE
LA ROCHE-SUR-YON;ROCHE-SUR-YON (LA )
VALENCE-TGV;ALIXAN
ST-ANDRÉ-LE-GAZ;SAINT-ANDRÉ-LE-GAZ
LOZANNE;LOZANNE
LAMURE-SUR-AZERGUES;LAMURE-SUR-AZERGUES
BOIS-D'OINGT-LÉGNY;LÉGNY
DIE;SAINT-DIE
VEYNES-DÉVOLUY;VEYNES
LUC-EN-DIOIS;LUC-EN-DIOIS
EVIAN-LES-BAINS;ÉVIAN-LES-BAINS
ST-ÉTIENNE-CHÂTEAUCREUX;SAINT-ETIENNE
MODANE;MODANE
ANNONAY;ANNONAY
PRIVAS;PRIVAS
MOÛTIERS-SALINS-BRIDES;MOÛTIERS
BONNEVILLE;BONNEVILLE
AUBENAS;AUBENAS
BOURG-EN-BRESSE GARE R;BOURG-EN-BRESSE
OYONNAX;OYONNAX
CHAMBÉRY;CHAMBERY
MONTÉLIMAR;MONTELIMAR
ST-CLAUDE;SAINT-CLAUDE
THONON-LES-BAINS;THONON-LES-BAINS
FRANOIS;FRANOIS
AUXONNE;TILLENAY
BELLEGARDE;BELLEGARDE-SUR-VALSERINE
AMBÉRIEU;AMBERIEU-EN-BUGEY
BOËN;BOËN
MONTBRISON;MONTBRISON
NOIRÉTABLE;NOIRÉTABLE
CLELLES-MENS;CLELLES
VIF;VIF
SAIN-BEL;SAIN-BEL
ARGENTINE;ARGENTINE
ST-PRIEST;SAINT-PRIEST-TAURION
VILLEFRANCHE-SUR-SAÔNE;VILLEFRANCHE-SUR-SAONE
LA TOUR-DU-PIN;LA TOUR-DU-PIN
FEURS;FEURS
ALBENS;ALBENS
SÉRÉZIN;SÉRÉZIN-DU-RHÔNE
COMMUNAY;COMMUNAY
EPIERRE-ST-LÉGER;ÉPIERRE
ST-JEAN-DE-MAURIENNE-A.;SAINT-JEAN-DE-MAURIENNE
AITON;AITON
CHINON;CHÂTEAU-CHINON(CAMPAGNE)
CHINON-LYCÉE-RABELAIS;CHINON-LYCÉE-RABELAIS
TOURS;JOUE-LES-TOURS
CHÂTEAU-DU-LOIR;CHÂTEAU-DU-LOIR
DROUÉ (CENTRE);DROUÉ (CENTRE)
COURTALAIN-CENTRE;COURTALAIN-CENTRE
CHARTRES-GARE-ROUTIÈRE;CHARTRES-GARE-ROUTIÈRE
BROU;MARCHEZAIS
VENDÔME;VILLIERS-SUR-LOIR
AUBIGNY-SUR-NERE-MAIL;AUBIGNY-SUR-NERE-MAIL
GIEN;GIEN
COSNE-SUR-LOIRE;COSNE-COURS-SUR-LOIRE
BOURGES-GARE-ROUTIÈRE;BOURGES-GARE-ROUTIÈRE
CHÂTEAUROUX GARE ROUT.;CHATEAUROUX
VIERZON;VIERZON
ISSOUDUN;ISSOUDUN
LE-BLANC-PL-DU-BATEAU;LE-BLANC-PL-DU-BATEAU
NOUAN-LE-FUZELIER;NOUAN-LE-FUZELIER
CHAUMONT-SUR-THARONNE;CHAUMONT-SUR-THARONNE
LAMOTTE-BEUVRON;LAMOTTE-BEUVRON
CHÂTEAUROUX-LY-B-PASCAL;CHÂTEAUROUX-LY-B-PASCAL
CHÂTEAUROUX-LYCÉE-AGRIC;CHÂTEAUROUX-LYCÉE-AGRIC
THESEE;THÉSÉE
ROMORANTIN-BA-G.R.;ROMORANTIN-BA-G.R.
LOCHES;LOCHES
BUZANÇAIS;BUZANÇAIS
CHATILLON-MAIL;CHATILLON-MAIL
CLION-SUR-INDRE;CLION
CORMERY;CORMERY
CHAMBOURG-CHOPIN;CHAMBOURG-CHOPIN
LOCHES-LYCEE-ST-DENIS;LOCHES-LYCEE-ST-DENIS
ESVRES;ESVRES
LA DOUZILLÈRE;JOUE-LES-TOURS
LOCHES-LEP;LOCHES-LEP
CHÂTEAUDUN;CHATEAUDUN
CHÂTEAUDUN-LEP-PAULSEN;CHÂTEAUDUN-LEP-PAULSEN
CHÂTEAU-RENAULT;CHÂTEAU-RENAULT
LUNÉVILLE;LUNEVILLE
LUNEVILLE-LP;LUNEVILLE-LP
LUNÉVILLE (CITÉ SCOLAI);LUNEVILLE
REMIREMONT;REMIREMONT
LONGWY;LONGWY
BUSSANG;BUSSANG
BRESSE-CLAUDEL (LA);BRESSE-CLAUDEL (LA)
AUDUN-LE-ROMAN;AUDUN-LE-ROMAN
MARLE-SUR-SERRE;MARLE
BARENTONÂ CEL;BARENTONÂ CEL
BARENTON-SUR-SERRE;BARENTON-SUR-SERRE
NEUSTADT (WEINSTR) HBF;NEUSTADT (WEINSTR) HBF
WINDEN PFALZ;WINDEN PFALZ
LANDAU-PFALZ-HBF;LANDAU-PFALZ-HBF
FOUGÈRES;PLEINE-FOUGÈRES
GRASSE;GRASSE
MENTON;MENTON
CANNES-LA-BOCCA;CANNES
MONACO-MONTE-CARLO;MONACO-MONTE-CARLO
CANNES;CANNES
SAARBRÜCKEN /SARREBRUCK;SAARBRÜCKEN /SARREBRUCK
MOMMENHEIM;MOMMENHEIM
LUXEMBOURG;LUXEMBOURG
PERPIGNAN;PERPIGNAN
NARBONNE;NARBONNE
NÎMES;MANDUEL
PORT-BOU;CHOUZÉ-SUR-LOIRE
MONTPELLIER-ST-ROCH;MONTPELLIER
OFFENBURG;OFFENBURG
KEHL;KEHL
MULHOUSE;MULHOUSE
FREIBURG-BREISGAU;FREIBURG-BREISGAU
BETTEMBOURG;BETTEMBOURG
GENÈVE;GENÈVE
ST-PIERRE-DES-CORPS;SAINT-PIERRE-DES-CORPS
ROESCHWOOG;ROESCHWOOG
THANN-SAINT-JACQUES;THANN-SAINT-JACQUES
ERSTEIN;ERSTEIN
BAYONNE;BAYONNE
MONT-DE-MARSAN;MONT-DE-MARSAN
BORDEAUX-ST-JEAN;BORDEAUX
LESPARRE;LESPARRE-MÉDOC
DAX;SAINT-PAUL-LES-DAX
ARCACHON;ARCACHON
CONDAT-LE-LARDIN;LE LARDIN-SAINT-LAZARE
BEDOUS;BEDOUS
OLORON-STE-MARIE;OLORON-SAINTE-MARIE
BIDOS;BIDOS
BERGERAC;BERGERAC
LIBOURNE;LIBOURNE
COMMENTRY;COMMENTRY
FIRMINY;FIRMINY
DIJON-PORTE-NEUVE;DIJON
AVALLON;AVALLON
CHAGNY;CHAGNY
BESANÇON-FRANCHE-COMTÉ;AUXON-DESSUS
RENNES;RENNES
MONTAUBAN-DE-BRETAGNE;MONTAUBAN-DE-BRETAGNE
MESSAC-GUIPRY;MESSAC
REDON;ENSUÈS-LA-REDONNE
BESLÉ;GUÉMENÉ-PENFAO
BREST;BREST
LANDERNEAU;LANDERNEAU
LANNION;LANNION
GUINGAMP;GUINGAMP
CARHAIX;CARHAIX-PLOUGUER
PORT-DE-PILES;LA CELLE-SAINT-AVANT
CHÂTEAUROUX;CHATEAUROUX
ARGENTON-SUR-CREUSE;ARGENTON-SUR-CREUSE
PORT-BOULET;CHOUZÉ-SUR-LOIRE
REIMS;REIMS
RETHEL;RETHEL
LAON;CHIVRES-EN-LAONNOIS
DORMANS;DORMANS
CULMONT-CHALINDREY;CHALINDREY
CERBÈRE;CERBÈRE
LE GRAU-DU-ROI;LE GRAU-DU-ROI
CASTELNAUDARY;CASTELNAUDARY
MARVEJOLS;MARVEJOLS
LE DORAT;LE DORAT
LIMOGES-BÉNÉDICTINS;LIMOGES
ST-YRIEIX-LA-PERCHE;ST-YRIEIX-LA-PERCHE
NEXON;NEXON
OBJAT;OBJAT
BARONCOURT;DOMMARY-BARONCOURT
HAGONDANGE;MONDELANGE
LIVERDUN;LIVERDUN
CASTRES;CASTRES
CAPDENAC;CAPDENAC-GARE
AUCH;LE PARCQ
L'ISLE-JOURDAIN (GERS);L'ISLE-JOURDAIN (GERS)
COLOMIERS;COLOMIERS
CAHORS;CAHORS
BOUSSENS;BOUSSENS
LOURDES;LOURDES
DOUAI;DOUAI
JEUMONT;JEUMONT
CHARLEROI SUD;CHARLEROI SUD
DUNKERQUE;GRANDE-SYNTHE
ANGERS-ST-LAUD;ANGERS
CONNERRÉ-BEILLÉ;BEILLÉ
LAVAL;LAVAL-DE-CÈRE
TERGNIER;TERGNIER
CREIL;CREIL
ST QUENTIN;ST QUENTIN
ABANCOURT;ABANCOURT
ANGOULÊME;ANGOULEME
LA ROCHELLE-VILLE;ROCHELLE (LA )
LA-ROCHELLE-PORTE-DAUPHINE;LA-ROCHELLE-PORTE-DAUPHINE
AIX-EN-PROVENCE-TGV;AIX-EN-PROVENCE
ROANNE;ROANNE
LA ROCHE-SUR-FORON;LA ROCHE-SUR-FORON
CHEDDE;PASSY
KRIMMERI-MEINAU;STRASBOURG
OBERNAI;OBERNAI
LUTTERBACH TRAM-TRAIN;LUTTERBACH
MULHOUSE-VILLE;MULHOUSE
NIEDERBRONN;NIEDERBRONN-LES-BAINS
EPERNAY;EPERNAY
PARIS-EST;PARIS-EST
CHAMPAGNE-ARDENNE;BEZANNES
CHÂTEAU-THIERRY;ÉTAMPES-SUR-MARNE
LONGUEVILLE (S.-ET-M.);LONGUEVILLE
BÉTHUNE;BETHUNE
LILLE EUROPE;LILLE
CLERMONT-DE-L'OISE;CLERMONT
CRÉPY-EN-VALOIS;CREPY-EN-VALOIS
OISSEL;OISSEL
FÉCAMP;FECAMP
ELBEUF-ST-AUBIN;SAINT-AUBIN-LES-ELBEUF
ROUEN-RIVE-DROITE;ROUEN
BUEIL;BUEIL
DOL;CHÂTENOIS
JANZÉ;JANZÉ
MONTREUIL-SUR-ILLE;MONTREUIL-SUR-ILLE
CALLAC;CALLAC
LA BROHINIÈRE;MONTAUBAN-DE-BRETAGNE
QUIMPER;QUIMPERLE
LE CROISIC;LE CROISIC
LES SABLES-D'OLONNE;SABLES-D'OLONNE (LES)
CHANTONNAY;CHANTONNAY
ANCENIS;ANCENIS
CHÂTEAUBRIANT TRAM-TRAIN;CHATEAUBRIANT
CLISSON;CLISSON
SAUMUR;SAUMUR
THOUARS;THOUARS
REIGNAC;REIGNAC-SUR-INDRE
PARIS-GARE-DE-LYON;PARIS
BLÉRÉ-LA-CROIX;LA CROIX-EN-TOURAINE
ST-AIGNAN-NOYERS;NOYERS-SUR-CHER
SALBRIS;SALBRIS
POITIERS;POITIERS
ROYAN;ROYAN
MUSSIDAN;MUSSIDAN
LE BUISSON;LE BUISSON-DE-CADOUIN
MONSEMPRON-LIBOS;MONSEMPRON-LIBOS
MACAU;MACAU
FACTURE-BIGANOS;BIGANOS
EYMOUTIERS-VASSIVIERE;EYMOUTIERS
FELLETIN;FELLETIN
PÉRIGUEUX;PERIGUEUX
LA SOUTERRAINE;LA SOUTERRAINE
RODEZ;RODEZ
CARMAUX;CARMAUX
TESSONNIÈRES;GAILLAC
PAMIERS;PAMIERS
MONTAUBAN-VILLE-BOURBON;MONTAUBAN
ST-SULPICE (TARN);ST-SULPICE (TARN)
TARBES;TARBES
ST-GERMAIN-DES-FOSSÉS;SAINT-GERMAIN-DES-FOSSÉS
LUNEL;LUNEL
BÉZIERS;BEZIERS
GÉNOLHAC;GÉNOLHAC
AVIGNON-TGV;AVIGNON
CAVAILLON;CAVAILLON
GARDANNE;GARDANNE
MANOSQUE-GRÉOUX;MANOSQUE
AUBAGNE;AUBAGNE
ANTIBES;ANTIBES
HYÈRES;GARDE (LA )
CARNOULES;CARNOULES
GRENOBLE U.-GIÈRES;GRENOBLE
ST-MARCELLIN;SAINT-MARCELLIN
GIVORS-CANAL;GIVORS
VIENNE;VIENNE
BAS-MONISTROL;BAS-EN-BASSET
LYON-ST-PAUL;LYON
L'ARBRESLE;ÉVEUX
BRIGNAIS;BRIGNAIS
MONTEREAU;MONTEREAU-FAULT-YONNE
CORBIGNY;CORBIGNY
CHALON-SUR-SAÔNE;CHALON-SUR-SAONE
IS-SUR-TILLE;MARCILLY-SUR-TILLE
ETANG;ÉTANG-SUR-ARROUX
MONTCHANIN;ÉCUISSES
TROUVILLE-DEAUVILLE;DEAUVILLE
PARIS-MONTP.3-VAUG.;PARIS
PARIS-MONTPARNASSE 1-2;PARIS
VILLEFRANCHE-VERNET-L.B;VILLEFRANCHE-DE-CONFLENT
VALENCE-VILLE;VALENCE-VILLE
SENS;SENS
MORTEAU;MORTEAU
VALLORBE-CFF;VALLORBE-CFF
TRAVERS;TRAVERS
MEROUX;MEROUX
VALLORCINE;VALLORCINE
MONS;MONSEMPRON-LIBOS
NAMUR;NAMUR
TOURNAI;TOURNAI
TENDE;TENDE
WISSEMBOURG;WISSEMBOURG
HAGUENAU-MOULIN-NEUF.;HAGUENAU-MOULIN-NEUF.
NIEDERMODERN/UBERACH;NIEDERMODERN/UBERACH
SAVERNE-(HT-BARR);SAVERNE-(HT-BARR)
NEUWILLER-R.-BOUXWILLER;NEUWILLER-R.-BOUXWILLER
PFAFFENHOFFEN-(MAIRIE).;PFAFFENHOFFEN-(MAIRIE).
RAEDERSHEIM;RAEDERSHEIM
WINGEN-SUR-MODER;WINGEN-SUR-MODER
REIPERTSWILLER-SP.;REIPERTSWILLER-SP.
LICHTENBERG-(EGLISE).;LICHTENBERG-(EGLISE).
THANN ARRÊT LA POSTE;THANN
THANN;THANN
WESSERLING;FELLERING
METZERAL;METZERAL
SEWEN;SEWEN
SAVERNE-(LYCÉE-VERNE);SAVERNE-(LYCÉE-VERNE)
SAVERNE-(PL.-DRAGONS);SAVERNE-(PL.-DRAGONS)
MONTREUX-VIEUX;MONTREUX-VIEUX
RIBEAUVILLE-GARE-ROUTIÈ;RIBEAUVILLE-GARE-ROUTIÈ
RIQUEWIHR-POSTE;RIQUEWIHR-POSTE
STE-MARIE/-MS-(-THÉÂTRE;STE-MARIE/-MS-(-THÉÂTRE
SÈLESTAT-(SCHWILGUÉ);SÈLESTAT-(SCHWILGUÉ)
SÉLESTAT-(SCHWEISGUTH);SÉLESTAT-(SCHWEISGUTH)
LIÈPVRE-(RTE-VANCELLE);LIÈPVRE-(RTE-VANCELLE)
LE-MONT-DORE-GARE;LE-MONT-DORE-GARE
ST-DENIS-PRÈS-MARTEL;SAINT-DENIS-LÈS-MARTEL
VICHY;VICHY
URCAY-HOTEL-DU-LYON-D'O;URCAY-HOTEL-DU-LYON-D'O
ST-AMAND-MONTROND-ORVAL;ORVAL
VERTAIZON;VERTAIZON
ST-ELOY;SAINT-ÉLOY-LES-MINES
ST-ELOY-LES-MINES-LYCÉE;ST-ELOY-LES-MINES-LYCÉE
ST-GERVAIS-MAIRIE;ST-GERVAIS-MAIRIE
LE MONT DORE SKI;LE MONT DORE SKI
ST-FLOUR-CHAUDES-AIGUES;SAINT-FLOUR
MAURIAC-LYCÉE-CORTAT;MAURIAC-LYCÉE-CORTAT
MAURIAC;MAURIAC
ST-GERVAIS-CH-LPA.;ST-GERVAIS-CH-LPA.
RIOM_ES_M_LA_POSTE.;RIOM_ES_M_LA_POSTE.
PONTGIBAUD-VILLE;PONTGIBAUD-VILLE
ST-GEORGES-D'AURAC;MAZEYRAT-D'ALLIER
ST-GEORGE-D'AURAC-BOURG;ST-GEORGE-D'AURAC-BOURG
LA CHAISE-DIEU;LA CHAISE-DIEU
ISSOIRE-LYCÉE-DEVILLE;ISSOIRE-LYCÉE-DEVILLE
LE-BREUIL-SUR-COUZE-LYC;LE-BREUIL-SUR-COUZE-LYC
ST-PIERRE-LE-MOÛTIER;SAINT-PIERRE-LE-MOÛTIER
PARAY-LE-MONIAL;PARAY-LE-MONIAL
SEURRE;SEURRE
QUIMPERLÉ;QUIMPERLE
RETIERS;RETIERS
LUÇAY-LE-MALE;LUÇAY-LE-MÂLE
SEDAN-PLACE-CALONNE;SEDAN-PLACE-CALONNE
VERDUN;VERDUN
VITRY-LE-FRANÇOIS;VITRY-LE-FRANCOIS
LANGRES-GENDARMERIE;LANGRES-GENDARMERIE
JUVANCOURT;JUVANCOURT
VILLE-SOUS-LA-FERTÉ;VILLE-SOUS-LA-FERTÉ
PAYNS ABRI SAVIÈRES;PAYNS ABRI SAVIÈRES
LURE;LURE
POLIGNY;POLIGNY
LES GRANGES-NARBOZ;LES GRANGES-NARBOZ
JOUGNE;JOUGNE
MARVEJOLS PLACE CHAYLA;MARVEJOLS
QUILLAN;QUILLAN
MEYMAC;MEYMAC
MIRECOURT;MIRECOURT
VÉZELISE BEAUREGARD;VÉZELISE
MIRECOURT (LYCÉE AGRIC);MIRECOURT
MONTMÉDY;MONTMÉDY
VEZIN-CARREFOUR;VEZIN-CARREFOUR
RÉMILLY;RÉMILLY
ST-JEAN-DE-BASSEL-EGLIS;ST-JEAN-DE-BASSEL-EGLIS
SARREBOURG-HÔPITAL;SARREBOURG-HÔPITAL
NEUFCHATEAU-LP;NEUFCHATEAU-LP
LAVELINE-D-BRUY. MAIRIE;LAVELINE-D-BRUY. MAIRIE
KÉDANGE (EGLISE);KÉDANGE-SUR-CANNER
HOMBOURG (CHAPELLE);HOMBOURG-BUDANGE
SAINT-LÉONARD;SAINT-LÉONARD
PERL GARE DB;PERL GARE DB
SARRE-UNION;SARRE-UNION
SARRALBE CENTRE;SARRALBE
SARRALBE;SARRALBE
REVIGNY;REVIGNY-SUR-ORNAIN
PAGNY-SUR-MOSELLE;PAGNY-SUR-MOSELLE
GRAMAT;GRAMAT
TOULOUSE-MATABIAU;TOULOUSE
CASTELSARRASIN;CASTELSARRASIN
ST-SULPICE-SUR-LÈZE;ST-SULPICE-SUR-LÈZE
LUCHON-RICHELIEU;LUCHON-RICHELIEU
LUCHON;BAGNÈRES-DE-LUCHON
LATOUR DE CAROL;ENVEITG
WAMBRECHIES;WAMBRECHIES
RUE;RUE
HIRSON-ECOLES;HIRSON
LISON;SAINTE-MARGUERITE-D'ELLE
PONTORSON-MT-ST-MICHEL;PONTORSON-MT-ST-MICHEL
VIRE-CENTRE;VIRE-CENTRE
FLERS;FLERS
BRIOUZE;BRIOUZE
SURDON;LE CHÂTEAU-D'ALMENÊCHES
SERQUIGNY;SERQUIGNY
LE MONT ST MICHEL;LE MONT ST MICHEL
ROUTOT-PLACE-DE-MAIRIE;ROUTOT-PLACE-DE-MAIRIE
ST-GILLES-CROIX-DE-VIE;SAINT-GILLES-CROIX-DE-VIE
LAON-GARE-ROUTIÈRE-POMA;LAON-GARE-ROUTIÈRE-POMA
RIBÉCOURT;RIBÉCOURT-DRESLINCOURT
PRISSÉ-LA-CHARRIÈRE;PRISSÉ-LA-CHARRIÈRE
VALENCE;VALENCE
LYON-GORGE-DE-LOUP;LYON
GRANDRIS-CENTRE;GRANDRIS-CENTRE
POULE-MAIRIE;POULE-MAIRIE
MOREZ LYCÉE;MOREZ
SAINT-MARTIN-D'HÈRES;SAINT-MARTIN-D'HÈRES
PONT-DE-BEAUVOISIN;LE PONT-DE-BEAUVOISIN
ST-BRIEUC;SAINT-BRIEUC
LAMBALLE;LAMBALLE
ST-VIT;SAINT-VIT
VILLERS-LES-POTS;VILLERS-LES-POTS
NEUILLY-LÈS-DIJON;NEUILLY-LÈS-DIJON
ST-RAMBERT-EN-BUGEY;SAINT-RAMBERT-EN-BUGEY
VIRIEU-LE-GRAND-BELLEY;VIRIEU-LE-GRAND
MÂCON-LOCHÉ-TGV;MACON
LYON-ST-PAUL-LA-FEUILÉE;LYON-ST-PAUL-LA-FEUILÉE
VIENNE-GARE-ROUTIÈRE;VIENNE-GARE-ROUTIÈRE
ST-PIERRE-D'ALBIGNY;SAINT-PIERRE-D'ALBIGNY
ST-PIERRE-DE-CHANDIEU-R;ST-PIERRE-DE-CHANDIEU-R
RIVES;RIVESALTES
CULOZ;CULOZ
RUMILLY;RUMILLY
TERNAY-BARBIÈRES;TERNAY-BARBIÈRES
MONTMÉLIAN;MONTMÉLIAN
ST CHRISTOPHE / NAIS C.;ST CHRISTOPHE / NAIS C.
COURTALAIN-ST-PELLERIN;SAINT-PELLERIN
MONDOUBLEAU-RUE-LEROY;MONDOUBLEAU-RUE-LEROY
MONTARGIS-OT;MONTARGIS-OT
SANCERRE-PORTE-CESAR;SANCERRE-PORTE-CESAR
;TOURNAN-EN-BRIE
ISSOUDUN-JARDIN;ISSOUDUN-JARDIN
POITIERS-GARE-ROUTIÈRE;POITIERS-GARE-ROUTIÈRE
ROMORANTIN-LYCÉE-DE-F;ROMORANTIN-LYCÉE-DE-F
EGUZON;ÉGUZON-CHANTÔME
ST-AIGNAN-LEP;ST-AIGNAN-LEP
ST-AIGNAN-PL-WILSON;ST-AIGNAN-PL-WILSON
CHÂTEAUROUX-CHARMILLES;CHÂTEAUROUX-CHARMILLES
MONTBAZON;MONTBAZON
TRUYES-ST-BLAISE;TRUYES-ST-BLAISE
TOURS LYCEE GRANDMONT;TOURS LYCEE GRANDMONT
REIGNAC-BOURG-DU-FAU;REIGNAC-BOURG-DU-FAU
TRUYES-PL-DU-SOUVENIR;TRUYES-PL-DU-SOUVENIR
VEIGNÉ;VEIGNÉ
CHÂTEAUROUX-L-GIRAUDOUX;CHÂTEAUROUX-L-GIRAUDOUX
VIERZON-MÉDIATHÈQUE;VIERZON-MÉDIATHÈQUE
LIMERAY;LIMERAY
DOURDAN;DOURDAN
VENDÔME-VILLIERS-S-LOIR;VENDÔME-VILLIERS-S-LOIR
RAMBERVILLERS (11 NOV);RAMBERVILLERS (11 NOV)
MOYEN;MOYEN
RAMBERVILLERS;RAMBERVILLERS
GÉRARDMER LA MAUSELAINE;GÉRARDMER LA MAUSELAINE
LA-BRESSE (PL CHAMPTEL);LA-BRESSE (PL CHAMPTEL)
LA BRESSE LE LISPACH;LA BRESSE LE LISPACH
ST-LOUIS-57-INCLINÉ;ST-LOUIS-57-INCLINÉ
LUGNY;LUGNY
VERNEUIL-SUR-SERRE;VERNEUIL-SUR-SERRE
WOERTH RHEIN;WOERTH RHEIN
VENTIMIGLIA-STAZIONE;VENTIMIGLIA-STAZIONE
TRIER-HBF (TRÈVES);TRIER-HBF (TRÈVES)
RODANGE;RODANGE
MULLHEIM-BADEN-BF;MULLHEIM-BADEN-BF
MUNSTER;MUHLBACH-SUR-MUNSTER
MUTZIG-PASSAGE-A-NIVEAU;MUTZIG-PASSAGE-A-NIVEAU
PUYOÔ;PUYOÔ
MORCENX;MORCENX
PAUILLAC;PAUILLAC
LE-VERDON;LE-VERDON
ST-JEAN-PIED-DE-PORT;SAINT-JEAN-PIED-DE-PORT
CAMBO-LES-BAINS;CAMBO-LES-BAINS
HENDAYE;HENDAYE
ST-EMILION;SAINT-ÉMILION
SARLAT;SARLAT-LA-CANEDA
LANGON;LANGON
VOREY;VOREY
TONNERRE;TONNERRE
LES LAUMES-ALÉSIA;VENAREY-LES-LAUMES
NEVERS-LE-BANLAY;NEVERS-LE-BANLAY
VESOUL;VESOUL
VITRÉ;VITRE
VANNES;VANNES
ROSPORDEN;ROSPORDEN
MORLAIX;MORLAIX
LA FOREST;LA FOREST-LANDERNEAU
TOURY;TOURY
CHÂTEAU-GAILLARD;SANTILLY
LA VERRIÈRE;VERRIERE (LA )
VERSAILLES-CHANTIERS;VERSAILLES
GIVET;GIVET
NOUZONVILLE;NOUZONVILLE
SEDAN;SEDAN
VAUVERT;VAUVERT
SAILLAT-CHASSENON;SAILLAT-SUR-VIENNE
POMPADOUR;ARNAC-POMPADOUR
PONT-ST-VINCENT;PONT-SAINT-VINCENT
LAISSAC-FOIRAIL;LAISSAC-FOIRAIL
RANG DU FL. VERTON BER.;MOUGINS
MOUSCRON / MOESKROEN;MOUSCRON / MOESKROEN
VALENCIENNES;VALENCIENNES
ST POL SUR TERNOISE;ST POL SUR TERNOISE
SABLÉ-SUR-SARTHE;SABLE-SUR-SARTHE
PERSAN-BEAUMONT;PERSAN
ST-JUST-SNCF;ST-JUST-SNCF
LE TRÉPORT-MERS-LES-B;LE TRÉPORT-MERS-LES-B
SAINTES;SAINTES
ROCHEFORT;SAINT-BONNET-DE-ROCHEFORT
ST-MARIENS-ST-YZAN;SAINT-YZAN-DE-SOUDIAC
TOULON;TOULON
ST-RAPHAËL-VALESCURE;SAINT-RAPHAEL
SOSPEL;SOSPEL
TOUET-DE-L'ESCARÈNE;TOUËT-DE-L'ESCARÈNE
MIRAMAS;MIRAMAS
SISTERON;SISTERON
MARTIGUES;MARTIGUES
WILLER-SUR-THUR;WILLER-SUR-THUR
ETAPLES LE TOUQUET;ETAPLES
TOURCOING;TOURCOING
ST OMER;ST OMER
VERNON-GIVERNY;VERNON
MONTIVILLIERS;MONTIVILLIERS
ROLLEVILLE;ROLLEVILLE
YVETOT;YVETOT
ST-LÔ;SAINT-LOUIS
ST-MALO;SAINT-MALO
PLOUARET-TRÉGOR;PLOUARET
PAIMPOL;PAIMPOL
ST-NAZAIRE;SAINT-NAZAIRE
SAVENAY;SAVENAY
STE-PAZANNE;SAINTE-PAZANNE
PORNIC;PORNICHET
SUCÉ-SUR-ERDRE;SUCÉ-SUR-ERDRE
NORT-SUR-ERDRE;NORT-SUR-ERDRE
VOVES;VOVES
VALLON-EN-SULLY;VALLON-EN-SULLY
COUTRAS;COUTRAS
PESSAC;PESSAC
MARMANDE;MARMANDE
ST-JUNIEN;SAINT-JUNIEN
SAINT-CYPRIEN-ARÈNES;SAINT-CYPRIEN-ARÈNES
DURTOL-NOHANENT;DURTOL
LE LIORAN;LAVEISSIÈRE
SÈTE;SETE
ORANGE;ORANGE
CARPENTRAS;CARPENTRAS
MARSEILLE-BLANCARDE;MARSEILLE
PIERRELATTE;PIERRELATTE
ST-ETIENNE-CHÂTEAUCREUX;SAINT-ETIENNE
SATHONAY-RILLIEUX;RILLIEUX-LA-PAPE
TASSIN;TASSIN-LA-DEMI-LUNE
MONTBÉLIARD-VILLE;MONTBÉLIARD-VILLE
